{"cameraMode":{"drawMode":0,"name":"Shaded","section":"Shading Mode"},"sceneLighting":true,"audioPlay":false,"sceneViewState":{"m_AlwaysRefresh":false,"showFog":true,"showSkybox":true,"showFlares":true,"showImageEffects":true,"showParticleSystems":true,"showVisualEffectGraphs":true,"m_FxEnabled":true},"in2DMode":false,"pivot":{"x":482.5781555175781,"y":290.1131591796875,"z":41.23554992675781},"rotation":{"x":-0.07670754194259644,"y":-0.026321779936552049,"z":0.0020258415024727585,"w":-0.9967048168182373},"size":347.54205322265627,"orthographic":false}