{"cameraMode":{"drawMode":0,"name":"Shaded","section":"Shading Mode"},"sceneLighting":true,"audioPlay":false,"sceneViewState":{"m_AlwaysRefresh":false,"showFog":true,"showSkybox":true,"showFlares":true,"showImageEffects":true,"showParticleSystems":true,"showVisualEffectGraphs":true,"m_FxEnabled":true},"in2DMode":false,"pivot":{"x":504.7583923339844,"y":390.89263916015627,"z":-557.9812622070313},"rotation":{"x":-0.061766255646944049,"y":-0.011380697600543499,"z":0.0007043872028589249,"w":-0.9980266094207764},"size":13.948622703552246,"orthographic":false}