{"cameraMode":{"drawMode":0,"name":"Shaded","section":"Shading Mode"},"sceneLighting":true,"audioPlay":false,"sceneViewState":{"m_AlwaysRefresh":false,"showFog":true,"showSkybox":true,"showFlares":true,"showImageEffects":true,"showParticleSystems":true,"showVisualEffectGraphs":true,"m_FxEnabled":true},"in2DMode":false,"pivot":{"x":424.64166259765627,"y":302.78759765625,"z":-15.421658515930176},"rotation":{"x":-0.01680893823504448,"y":0.0005972484941594303,"z":-0.000009956963367585558,"w":-0.9998593926429749},"size":298.71075439453127,"orthographic":false}