{"cameraMode":{"drawMode":0,"name":"Shaded","section":"Shading Mode"},"sceneLighting":true,"audioPlay":false,"sceneViewState":{"m_AlwaysRefresh":false,"showFog":true,"showSkybox":true,"showFlares":true,"showImageEffects":true,"showParticleSystems":true,"showVisualEffectGraphs":true,"m_FxEnabled":true},"in2DMode":false,"pivot":{"x":644.9437255859375,"y":294.83013916015627,"z":44.50447463989258},"rotation":{"x":-0.001809586538001895,"y":-0.009902498684823513,"z":0.000018005310266744345,"w":-0.9999501705169678},"size":325.09210205078127,"orthographic":false}